id,name,set,set_code,collector_number,rarity,type,domain,image_url
sfd-r01,Fury Rune,Spiritforged,SFD,R01,Common,Rune,Fury,https://unicorncards.co.uk/images/thumbs/0254334_sfd-r01-fury-rune-common-normal-riftbound-tcg-card-spiritforged_960.jpeg
sfd-r02,Calm Rune,Spiritforged,SFD,R02,Common,Rune,Calm,https://unicorncards.co.uk/images/thumbs/0254335_sfd-r02-calm-rune-common-normal-riftbound-tcg-card-spiritforged_960.jpeg
sfd-r03,Mind Rune,Spiritforged,SFD,R03,Common,Rune,Mind,https://unicorncards.co.uk/images/thumbs/0254333_sfd-r03-mind-rune-common-normal-riftbound-tcg-card-spiritforged_960.jpeg
sfd-r04,Body Rune,Spiritforged,SFD,R04,Common,Rune,Body,https://unicorncards.co.uk/images/thumbs/0254340_sfd-r04-body-rune-common-normal-riftbound-tcg-card-spiritforged_960.jpeg
sfd-r05,Chaos Rune,Spiritforged,SFD,R05,Common,Rune,Chaos,https://unicorncards.co.uk/images/thumbs/0254339_sfd-r05-chaos-rune-common-normal-riftbound-tcg-card-spiritforged_960.jpeg
sfd-r06,Order Rune,Spiritforged,SFD,R06,Common,Rune,Order,https://unicorncards.co.uk/images/thumbs/0254345_sfd-r06-order-rune-common-normal-riftbound-tcg-card-spiritforged_960.jpeg
sfd-r01a,Fury Rune,Spiritforged,SFD,R01A,Showcase,Rune,Fury,https://unicorncards.co.uk/images/thumbs/0254331_sfd-r01a-fury-rune-showcase-alternative-art-foil-riftbound-tcg-card-spiritforged_960.jpeg
sfd-r02a,Calm Rune,Spiritforged,SFD,R02A,Showcase,Rune,Calm,https://unicorncards.co.uk/images/thumbs/0254332_sfd-r02a-calm-rune-showcase-alternative-art-foil-riftbound-tcg-card-spiritforged_960.jpeg
sfd-r03a,Mind Rune,Spiritforged,SFD,R03A,Showcase,Rune,Mind,https://unicorncards.co.uk/images/thumbs/0254336_sfd-r03a-mind-rune-showcase-alternative-art-foil-riftbound-tcg-card-spiritforged_960.jpeg
sfd-r04a,Body Rune,Spiritforged,SFD,R04A,Showcase,Rune,Body,https://unicorncards.co.uk/images/thumbs/0254338_sfd-r04a-body-rune-showcase-alternative-art-foil-riftbound-tcg-card-spiritforged_960.jpeg
sfd-r05a,Chaos Rune,Spiritforged,SFD,R05A,Showcase,Rune,Chaos,https://unicorncards.co.uk/images/thumbs/0254337_sfd-r05a-chaos-rune-showcase-alternative-art-foil-riftbound-tcg-card-spiritforged_960.jpeg
sfd-r06a,Order Rune,Spiritforged,SFD,R06A,Showcase,Rune,Order,https://unicorncards.co.uk/images/thumbs/0254344_sfd-r06a-order-rune-showcase-alternative-art-foil-riftbound-tcg-card-spiritforged_960.jpeg
unl-r01,Fury Rune,Unleashed,UNL,R01,Common,Rune,Fury,https://unicorncards.co.uk/images/thumbs/0254748_960.jpeg
unl-r02,Calm Rune,Unleashed,UNL,R02,Common,Rune,Calm,https://unicorncards.co.uk/images/thumbs/0254747_960.jpeg
unl-r03,Mind Rune,Unleashed,UNL,R03,Common,Rune,Mind,https://unicorncards.co.uk/images/thumbs/0254750_960.jpeg
unl-r04,Body Rune,Unleashed,UNL,R04,Common,Rune,Body,https://unicorncards.co.uk/images/thumbs/0254747_960.jpeg
unl-r05,Chaos Rune,Unleashed,UNL,R05,Common,Rune,Chaos,https://unicorncards.co.uk/images/thumbs/0254751_960.jpeg
unl-r06,Order Rune,Unleashed,UNL,R06,Common,Rune,Order,https://unicorncards.co.uk/images/thumbs/0254749_960.jpeg
unl-r01a,Fury Rune,Unleashed,UNL,R01A,Showcase,Rune,Fury,https://unicorncards.co.uk/images/thumbs/0253838_r01a-fury-rune-showcase-foil-riftbound-tcg-card-set-03-unl-unleashed_960.jpeg
unl-r02a,Calm Rune,Unleashed,UNL,R02A,Showcase,Rune,Calm,https://unicorncards.co.uk/images/thumbs/0253506_r02a-calm-rune-showcase-foil-riftbound-tcg-card-set-03-unl-unleashed_960.jpeg
unl-r03a,Mind Rune,Unleashed,UNL,R03A,Showcase,Rune,Mind,https://unicorncards.co.uk/images/thumbs/0254010_r03a-mind-rune-showcase-foil-riftbound-tcg-card-set-03-unl-unleashed_960.jpeg
unl-r04a,Body Rune,Unleashed,UNL,R04A,Showcase,Rune,Body,https://unicorncards.co.uk/images/thumbs/0254017_r04a-body-rune-showcase-foil-riftbound-tcg-card-set-03-unl-unleashed_960.jpeg
unl-r05a,Chaos Rune,Unleashed,UNL,R05A,Showcase,Rune,Chaos,https://unicorncards.co.uk/images/thumbs/0254020_r05a-chaos-rune-showcase-foil-riftbound-tcg-card-set-03-unl-unleashed_960.jpeg
unl-r06a,Order Rune,Unleashed,UNL,R06A,Showcase,Rune,Order,https://unicorncards.co.uk/images/thumbs/0253629_r06a-order-rune-showcase-foil-riftbound-tcg-card-set-03-unl-unleashed_960.jpeg
ven-r01a,Fury Rune,Vendetta,VEN,R01A,Showcase,Rune,Fury,https://cdn11.bigcommerce.com/s-3b5vpig99v/products/677799/images/1544433/fury-rune-R01a__11401.1785786788.386.513.jpg?c=2
ven-r02a,Calm Rune,Vendetta,VEN,R02A,Showcase,Rune,Calm,https://cdn11.bigcommerce.com/s-3b5vpig99v/products/677800/images/1544434/calm-rune-R02a__50146.1785786995.386.513.jpg?c=2
ven-r03a,Mind Rune,Vendetta,VEN,R03A,Showcase,Rune,Mind,https://cdn11.bigcommerce.com/s-3b5vpig99v/products/677801/images/1544435/mind-rune-R03a__80815.1785787207.386.513.jpg?c=2
ven-r04a,Body Rune,Vendetta,VEN,R04A,Showcase,Rune,Body,https://cdn11.bigcommerce.com/s-3b5vpig99v/products/677802/images/1544436/body-rune-R04a__65357.1785787367.386.513.jpg?c=2
ven-r05a,Chaos Rune,Vendetta,VEN,R05A,Showcase,Rune,Chaos,https://cdn11.bigcommerce.com/s-3b5vpig99v/products/677803/images/1544437/chaos-rune-R05a__91189.1785787594.386.513.jpg?c=2
ven-r06a,Order Rune,Vendetta,VEN,R06A,Showcase,Rune,Order,https://cdn11.bigcommerce.com/s-3b5vpig99v/products/677804/images/1544438/order-rune-R06a__82857.1785787805.386.513.jpg?c=2
opp-flash-011-024,Flash,Organized Play Promos,OPP,011/024,Promo,,,https://tcgplayer-cdn.tcgplayer.com/product/692371_in_200x200.jpg
opp-riven-shattered-041-166,"Riven, Shattered",Organized Play Promos,OPP,041/166,Promo,,,https://tcgplayer-cdn.tcgplayer.com/product/708201_in_200x200.jpg
opp-ashe-focused-169-219,"Ashe, Focused",Organized Play Promos,OPP,169/219,Promo,,,https://tcgplayer-cdn.tcgplayer.com/product/692931_in_200x200.jpg
opp-spiderling-097-166,Spiderling,Organized Play Promos,OPP,097/166,Common,,,
opp-illaoi-prophet-of-the-great-kraken-top-8-109-166,"Illaoi, Prophet of the Great Kraken (Top 8)",Organized Play Promos,OPP,109/166,Promo,,,
opp-body-rune-126b-298,Body Rune,Organized Play Promos,OPP,126b/298,Promo,Rune,,https://riftvault.app/storage/cards/35aea9d2-4614-4a9b-9551-3e6ff93f7d36.webp
opp-discipline-058-298,Discipline,Organized Play Promos,OPP,058/298,Promo,,,
opp-stacked-deck-183-298,Stacked Deck,Organized Play Promos,OPP,183/298,Promo,,,
opp-order-rune-214b-298,Order Rune,Organized Play Promos,OPP,214b/298,Promo,Rune,,https://riftvault.app/storage/cards/6590b2f5-ff3b-4f54-b749-39da67314fcc.webp
opp-order-rune-vendetta-r06b,Order Rune (Vendetta),Organized Play Promos,OPP,R06b,Common,Rune,,
opp-body-rune-vendetta-r04b,Body Rune (Vendetta),Organized Play Promos,OPP,R04b,Common,Rune,,
opp-fury-rune-007b-298,Fury Rune,Organized Play Promos,OPP,007b/298,Promo,Rune,,https://riftvault.app/storage/cards/bc4c2778-3f2a-456b-ae0a-3aa91bb0e3e9.webp
opp-fury-rune-vendetta-r01b,Fury Rune (Vendetta),Organized Play Promos,OPP,R01b,Common,Rune,,
opp-calm-rune-042b-298,Calm Rune,Organized Play Promos,OPP,042b/298,Promo,Rune,,https://riftvault.app/storage/cards/d1902727-d0c9-4702-b1c9-2c49b7d2ec85.webp
opp-stellacorn-herder-048-221,Stellacorn Herder,Organized Play Promos,OPP,048/221,Promo,,,
opp-production-surge-076-221,Production Surge,Organized Play Promos,OPP,076/221,Promo,,,
opp-mind-rune-089b-298,Mind Rune,Organized Play Promos,OPP,089b/298,Promo,Rune,,https://tcgplayer-cdn.tcgplayer.com/product/662899_in_200x200.jpg
opp-stalwart-poro-052-298,Stalwart Poro,Organized Play Promos,OPP,052/298,Promo,,,https://tcgplayer-cdn.tcgplayer.com/product/662907_in_200x200.jpg
opp-ravenbloom-student-103-298,Ravenbloom Student,Organized Play Promos,OPP,103/298,Promo,,,https://tcgplayer-cdn.tcgplayer.com/product/662923_in_200x200.jpg
opp-chaos-rune-vendetta-r05b,Chaos Rune (Vendetta),Organized Play Promos,OPP,R05b,Common,Rune,,
opp-blitzcrank-impassive-067-298,"Blitzcrank, Impassive",Organized Play Promos,OPP,067/298,Promo,,,https://tcgplayer-cdn.tcgplayer.com/product/668450_in_200x200.jpg
opp-mind-rune-vendetta-r03b,Mind Rune (Vendetta),Organized Play Promos,OPP,R03b,Common,Rune,,
opp-long-sword-top-8-022-221,Long Sword (Top 8),Organized Play Promos,OPP,022/221,Promo,,,
opp-calm-rune-vendetta-r02b,Calm Rune (Vendetta),Organized Play Promos,OPP,R02b,Common,Rune,,
opp-patched-porobot-058-166,Patched Porobot,Organized Play Promos,OPP,058/166,Uncommon,,,
opp-consult-the-past-083-298,Consult the Past,Organized Play Promos,OPP,083/298,Promo,,,https://tcgplayer-cdn.tcgplayer.com/product/662911_in_200x200.jpg
opp-eye-of-the-herald-153-221,Eye of the Herald,Organized Play Promos,OPP,153/221,Promo,,,
opp-tornado-warrior-099-166,Tornado Warrior,Organized Play Promos,OPP,099/166,Common,,,
opp-chaos-rune-166b-298,Chaos Rune,Organized Play Promos,OPP,166b/298,Promo,Rune,,https://riftvault.app/storage/cards/8be23f97-05f0-4990-bdf1-530ed7724a4c.webp
opp-viktor-leader-246-298,"Viktor, Leader",Organized Play Promos,OPP,246/298,Promo,,,
opp-void-seeker-024-298,Void Seeker,Organized Play Promos,OPP,024/298,Promo,,,https://tcgplayer-cdn.tcgplayer.com/product/662922_in_200x200.jpg
opp-lee-sin-ascetic-078-298,"Lee Sin, Ascetic",Organized Play Promos,OPP,078/298,Promo,,,
opp-lunar-boon-125-219,Lunar Boon,Organized Play Promos,OPP,125/219,Promo,,,
opp-rengar-trophy-hunter-120-219,"Rengar, Trophy Hunter",Organized Play Promos,OPP,120/219,Promo,,,https://tcgplayer-cdn.tcgplayer.com/product/696823_in_200x200.jpg
opp-tryndamere-barbarian-034-298,"Tryndamere, Barbarian",Organized Play Promos,OPP,034/298,Promo,,,https://tcgplayer-cdn.tcgplayer.com/product/668441_in_200x200.jpg
opp-dorans-shield-033-221,Doran's Shield,Organized Play Promos,OPP,033/221,Promo,,,
opp-darius-hand-of-noxus-253-298,"Darius, Hand of Noxus",Organized Play Promos,OPP,253/298,Promo,,,
opp-lee-sin-centered-151b-298,"Lee Sin, Centered",Organized Play Promos,OPP,151b/298,Rare,,,https://tcgplayer-cdn.tcgplayer.com/product/693156_in_200x200.jpg
opp-ol-poro-029-166,Ol' Poro,Organized Play Promos,OPP,029/166,Common,,,
opp-mystic-poro-171-298,Mystic Poro,Organized Play Promos,OPP,171/298,Common,,,
opp-vanguard-captain-218-298,Vanguard Captain,Organized Play Promos,OPP,218/298,Promo,,,
opp-mutated-mouser-036-219,Mutated Mouser,Organized Play Promos,OPP,036/219,Promo,,,
opp-treasure-hunter-130-221,Treasure Hunter,Organized Play Promos,OPP,130/221,Promo,,,
opp-lillia-protector-of-dreams-058-219,"Lillia, Protector of Dreams",Organized Play Promos,OPP,058/219,Promo,,,https://tcgplayer-cdn.tcgplayer.com/product/705530_in_200x200.jpg
opp-jinx-rebel-202-298,"Jinx, Rebel",Organized Play Promos,OPP,202/298,Promo,,,
opp-challenge-128-298,Challenge,Organized Play Promos,OPP,128/298,Promo,,,
opp-yuumi-magical-cat-056-219,"Yuumi, Magical Cat",Organized Play Promos,OPP,056/219,Promo,,,https://tcgplayer-cdn.tcgplayer.com/product/696822_in_200x200.jpg
opp-pakaa-cub-135-298,Pakaa Cub,Organized Play Promos,OPP,135/298,Promo,,,https://tcgplayer-cdn.tcgplayer.com/product/662913_in_200x200.jpg
opp-dragonsoul-sage-093-219,Dragonsoul Sage,Organized Play Promos,OPP,093/219,Promo,,,
opp-soul-sword-039-219,Soul Sword,Organized Play Promos,OPP,039/219,Promo,,,
opp-jinx-loose-cannon-251-298,"Jinx, Loose Cannon",Organized Play Promos,OPP,251/298,Promo,,,
opp-pouty-poro-013-298,Pouty Poro,Organized Play Promos,OPP,013/298,Promo,,,https://tcgplayer-cdn.tcgplayer.com/product/662908_in_200x200.jpg
opp-mister-root-127-219,Mister Root,Organized Play Promos,OPP,127/219,Promo,,,
opp-kayle-justified-top-8-134-166,"Kayle, Justified (Top 8)",Organized Play Promos,OPP,134/166,Promo,,,
opp-dorans-blade-095-221,Doran's Blade,Organized Play Promos,OPP,095/221,Promo,,,
opp-riptide-rex-092-298,Riptide Rex,Organized Play Promos,OPP,092/298,Promo,,,https://tcgplayer-cdn.tcgplayer.com/product/662916_in_200x200.jpg
opp-kaisa-daughter-of-the-void-247-298,"Kai'Sa, Daughter of the Void",Organized Play Promos,OPP,247/298,Promo,,,
opp-daring-poro-210-298,Daring Poro,Organized Play Promos,OPP,210/298,Promo,,,https://tcgplayer-cdn.tcgplayer.com/product/662917_in_200x200.jpg
opp-tomb-raider-barbara-037-166,Tomb-Raider Barbara,Organized Play Promos,OPP,037/166,Uncommon,,,
opp-edge-of-night-top-8-139-221,Edge of Night (Top 8),Organized Play Promos,OPP,139/221,Promo,,,https://tcgplayer-cdn.tcgplayer.com/product/685001_in_200x200.jpg
opp-morgana-vindictive-017-166,"Morgana, Vindictive",Organized Play Promos,OPP,017/166,Promo,,,
opp-sinister-poro-137-219,Sinister Poro,Organized Play Promos,OPP,137/219,Promo,,,
opp-yone-blademaster-116-221,"Yone, Blademaster",Organized Play Promos,OPP,116/221,Promo,,,https://tcgplayer-cdn.tcgplayer.com/product/678194_in_200x200.jpg
opp-zilean-time-mage-086-219,"Zilean, Time Mage",Organized Play Promos,OPP,086/219,Promo,,,https://tcgplayer-cdn.tcgplayer.com/product/705529_in_200x200.jpg
opp-loyal-poro-156-219,Loyal Poro,Organized Play Promos,OPP,156/219,Promo,,,
opp-garen-rugged-007-024,"Garen, Rugged",Organized Play Promos,OPP,007/024,Promo,,,
opp-ultrasoft-poro-160-219,Ultrasoft Poro,Organized Play Promos,OPP,160/219,Promo,,,
opp-unsung-hero-167-221,Unsung Hero,Organized Play Promos,OPP,167/221,Promo,,,
opp-blazing-scorcher-001-298,Blazing Scorcher,Organized Play Promos,OPP,001/298,Promo,,,https://tcgplayer-cdn.tcgplayer.com/product/662914_in_200x200.jpg
opp-cloth-armor-064-221,Cloth Armor,Organized Play Promos,OPP,064/221,Promo,,,
opp-gust-monk-101-166,Gust Monk,Organized Play Promos,OPP,101/166,Uncommon,,,
opp-mel-newly-awakened-069b-166,"Mel, Newly Awakened",Organized Play Promos,OPP,069b/166,Epic,,,https://tcgplayer-cdn.tcgplayer.com/product/709987_in_200x200.jpg
opp-gem-jammer-007-221,Gem Jammer,Organized Play Promos,OPP,007/221,Promo,,,
opp-jayce-man-of-progress-084-221,"Jayce, Man of Progress",Organized Play Promos,OPP,084/221,Promo,,,https://tcgplayer-cdn.tcgplayer.com/product/704486_in_200x200.jpg
opp-master-yi-wuju-bladesman-019-024,"Master Yi, Wuju Bladesman",Organized Play Promos,OPP,019/024,Promo,,,
opp-stormclaw-ursine-137-298,Stormclaw Ursine,Organized Play Promos,OPP,137/298,Promo,,,
opp-downstage-dramatics-061-219,Downstage Dramatics,Organized Play Promos,OPP,061/219,Promo,,,
opp-lux-crownguard-014-024,"Lux, Crownguard",Organized Play Promos,OPP,014/024,Promo,,,
opp-repair-specialist-076-166,Repair Specialist,Organized Play Promos,OPP,076/166,Common,,,
opp-guardian-angel-top-8-051-221,Guardian Angel (Top 8),Organized Play Promos,OPP,051/221,Promo,,,
opp-cloud-drake-048-166,Cloud Drake,Organized Play Promos,OPP,048/166,Common,,,
opp-boneshiver-118a-221,Boneshiver,Organized Play Promos,OPP,118a/221,Promo,,,https://tcgplayer-cdn.tcgplayer.com/product/682465_in_200x200.jpg
opp-sea-monkey-098-221,Sea Monkey,Organized Play Promos,OPP,098/221,Promo,,,
opp-vengeance-229-298,Vengeance,Organized Play Promos,OPP,229/298,Promo,,,
opp-profiteer-082-166,Profiteer,Organized Play Promos,OPP,082/166,Uncommon,,,
opp-world-atlas-086-221,World Atlas,Organized Play Promos,OPP,086/221,Promo,,,
opp-fretful-feline-071-166,Fretful Feline,Organized Play Promos,OPP,071/166,Common,,,
opp-teemo-swift-scout-263-298,"Teemo, Swift Scout",Organized Play Promos,OPP,263/298,Promo,,,
opp-blast-corps-cadet-013-221,Blast Corps Cadet,Organized Play Promos,OPP,013/221,Promo,,,
opp-navori-scout-037-221,Navori Scout,Organized Play Promos,OPP,037/221,Promo,,,
opp-body-rune-r04c-r04c,Body Rune (R04c),Organized Play Promos,OPP,R04c,Promo,Rune,,
opp-wielder-of-water-055-298,Wielder of Water,Organized Play Promos,OPP,055/298,Promo,,,https://tcgplayer-cdn.tcgplayer.com/product/662919_in_200x200.jpg
opp-blade-twirler-002-166,Blade Twirler,Organized Play Promos,OPP,002/166,Common,,,
opp-swain-visionary-065-166,"Swain, Visionary",Organized Play Promos,OPP,065/166,Promo,,,
opp-master-yi-honed-009-024,"Master Yi, Honed",Organized Play Promos,OPP,009/024,Promo,,,
opp-dorans-ring-124-221,Doran's Ring,Organized Play Promos,OPP,124/221,Promo,,,
opp-tibbers-018-024,Tibbers,Organized Play Promos,OPP,018/024,Promo,,,
opp-icevale-archer-065-219,Icevale Archer,Organized Play Promos,OPP,065/219,Promo,,,
opp-decisive-strike-024-024,Decisive Strike,Organized Play Promos,OPP,024/024,Promo,,,
opp-serrated-dirk-009-221,Serrated Dirk,Organized Play Promos,OPP,009/221,Promo,,,
opp-final-spark-022-024,Final Spark,Organized Play Promos,OPP,022/024,Promo,,,
opp-undying-loyalty-168-219,Undying Loyalty,Organized Play Promos,OPP,168/219,Promo,,,
opp-teemo-scout-gg-ez-197b-298,"Teemo, Scout (GG EZ)",Organized Play Promos,OPP,197b/298,Promo,,,https://tcgplayer-cdn.tcgplayer.com/product/662898_in_200x200.jpg
opp-fae-dragon-101-221,Fae Dragon,Organized Play Promos,OPP,101/221,Promo,,,
opp-shadow-assassin-013-166,Shadow Assassin,Organized Play Promos,OPP,013/166,Uncommon,,,
opp-highlander-020-024,Highlander,Organized Play Promos,OPP,020/024,Promo,,,
opp-field-musicians-026-166,Field Musicians,Organized Play Promos,OPP,026/166,Common,,,
opp-laurent-duelist-156-221,Laurent Duelist,Organized Play Promos,OPP,156/221,Promo,,,
opp-frostcoat-cub-067-221,Frostcoat Cub,Organized Play Promos,OPP,067/221,Promo,,,
opp-harpoon-squad-137-221,Harpoon Squad,Organized Play Promos,OPP,137/221,Promo,,,
opp-yasuo-unforgiven-259-298,"Yasuo, Unforgiven",Organized Play Promos,OPP,259/298,Promo,,,
opp-gustwalker-075-219,Gustwalker,Organized Play Promos,OPP,075/219,Promo,,,
opp-upstage-comedy-009-219,Upstage Comedy,Organized Play Promos,OPP,009/219,Promo,,,
opp-mosstomper-047-219,Mosstomper,Organized Play Promos,OPP,047/219,Promo,,,
opp-annie-fiery-001-024,"Annie, Fiery",Organized Play Promos,OPP,001/024,Promo,,,
opp-illaoi-prophet-of-the-great-kraken-champion-109-166,"Illaoi, Prophet of the Great Kraken (Champion)",Organized Play Promos,OPP,109/166,Promo,,,
opp-arena-kingpin-001-219,Arena Kingpin,Organized Play Promos,OPP,001/219,Promo,,,
opp-kayle-justified-champion-134-166,"Kayle, Justified (Champion)",Organized Play Promos,OPP,134/166,Promo,,,
opp-order-rune-r06c-r06c,Order Rune (R06c),Organized Play Promos,OPP,R06c,Promo,Rune,,
opp-grumpy-rockbear-050-166,Grumpy Rockbear,Organized Play Promos,OPP,050/166,Common,,,
opp-lux-lady-of-luminosity-021-024,"Lux, Lady of Luminosity",Organized Play Promos,OPP,021/024,Promo,,,
opp-horns-of-the-dragon-118-166,Horns of the Dragon,Organized Play Promos,OPP,118/166,Common,,,
opp-hungry-wolf-125-166,Hungry Wolf,Organized Play Promos,OPP,125/166,Uncommon,,,
opp-stare-down-107-219,Stare Down,Organized Play Promos,OPP,107/219,Promo,,,
opp-rengar-trophy-hunter-champion-120-219,"Rengar, Trophy Hunter (Champion)",Organized Play Promos,OPP,120/219,Promo,,,
opp-soulspinner-123-166,Soulspinner,Organized Play Promos,OPP,123/166,Common,,,
opp-annie-dark-child-017-024,"Annie, Dark Child",Organized Play Promos,OPP,017/024,Promo,,,
opp-annie-stubborn-010-024,"Annie, Stubborn",Organized Play Promos,OPP,010/024,Promo,,,
opp-stealthy-pursuer-177-298,Stealthy Pursuer,Organized Play Promos,OPP,177/298,Promo,,,https://tcgplayer-cdn.tcgplayer.com/product/662918_in_200x200.jpg
opp-garen-might-of-demacia-023-024,"Garen, Might of Demacia",Organized Play Promos,OPP,023/024,Promo,,,
opp-miss-fortune-bounty-hunter-267-298,"Miss Fortune, Bounty Hunter",Organized Play Promos,OPP,267/298,Promo,,,
opp-dune-surfer-004-166,Dune Surfer,Organized Play Promos,OPP,004/166,Common,,,
opp-calm-rune-r02c-r02c,Calm Rune (R02c),Organized Play Promos,OPP,R02c,Promo,Rune,,
opp-chaos-rune-r05c-r05c,Chaos Rune (R05c),Organized Play Promos,OPP,R05c,Promo,Rune,,
opp-lee-sin-blind-monk-257-298,"Lee Sin, Blind Monk",Organized Play Promos,OPP,257/298,Promo,,,
opp-garen-commander-013-024,"Garen, Commander",Organized Play Promos,OPP,013/024,Promo,,,
opp-volibear-relentless-storm-249-298,"Volibear, Relentless Storm",Organized Play Promos,OPP,249/298,Promo,,,
opp-lux-illuminated-006-024,"Lux, Illuminated",Organized Play Promos,OPP,006/024,Promo,,,
opp-ahri-nine-tailed-fox-255-298,"Ahri, Nine-Tailed Fox",Organized Play Promos,OPP,255/298,Promo,,,
opp-voracious-gromp-100-219,Voracious Gromp,Organized Play Promos,OPP,100/219,Promo,,,
opp-scorchclaw-016-219,Scorchclaw,Organized Play Promos,OPP,016/219,Promo,,,
opp-viktor-herald-of-the-arcane-265-298,"Viktor, Herald of the Arcane",Organized Play Promos,OPP,265/298,Promo,,,
opp-sett-the-boss-269-298,"Sett, The Boss",Organized Play Promos,OPP,269/298,Promo,,,
opp-edge-of-night-champion-139-221,Edge of Night (Champion),Organized Play Promos,OPP,139/221,Promo,,,https://tcgplayer-cdn.tcgplayer.com/product/684999_in_200x200.jpg
opp-fury-rune-r01c-r01c,Fury Rune (R01c),Organized Play Promos,OPP,R01c,Promo,Rune,,
opp-leona-radiant-dawn-261-298,"Leona, Radiant Dawn",Organized Play Promos,OPP,261/298,Promo,,,
opp-miss-fortune-buccaneer-193-298,"Miss Fortune, Buccaneer",Organized Play Promos,OPP,193/298,Promo,,,https://tcgplayer-cdn.tcgplayer.com/product/668440_in_200x200.jpg
opp-master-yi-wuju-bladesman-metal-prize-wall-019-024,"Master Yi, Wuju Bladesman (Metal) (Prize Wall)",Organized Play Promos,OPP,019/024,Promo,,,
opp-mind-rune-r03c-r03c,Mind Rune (R03c),Organized Play Promos,OPP,R03c,Promo,Rune,,
opp-guardian-angel-champion-051-221,Guardian Angel (Champion),Organized Play Promos,OPP,051/221,Promo,,,
opp-lucian-purifier-metal-prize-wall-183-221,"Lucian, Purifier (Metal) (Prize Wall)",Organized Play Promos,OPP,183/221,Promo,,,
opp-azir-emperor-of-the-sands-metal-prize-wall-197-221,"Azir, Emperor of the Sands (Metal) (Prize Wall)",Organized Play Promos,OPP,197/221,Promo,,,
opp-viktor-herald-of-the-arcane-metal-prize-wall-265-298,"Viktor, Herald of the Arcane (Metal) (Prize Wall)",Organized Play Promos,OPP,265/298,Promo,,,
opp-diana-scorn-of-the-moon-metal-prize-wall-197-219,"Diana, Scorn of the Moon (Metal) (Prize Wall)",Organized Play Promos,OPP,197/219,Promo,,,
opp-sivir-battle-mistress-metal-prize-wall-203-221,"Sivir, Battle Mistress (Metal) (Prize Wall)",Organized Play Promos,OPP,203/221,Promo,,,
opp-leona-radiant-dawn-metal-best-of-261-298,"Leona, Radiant Dawn (Metal) (Best Of)",Organized Play Promos,OPP,261/298,Promo,,,https://tcgplayer-cdn.tcgplayer.com/product/669258_in_200x200.jpg
opp-rumble-mechanized-menace-metal-prize-wall-181-221,"Rumble, Mechanized Menace (Metal) (Prize Wall)",Organized Play Promos,OPP,181/221,Promo,,,
opp-annie-dark-child-metal-prize-wall-017-024,"Annie, Dark Child (Metal) (Prize Wall)",Organized Play Promos,OPP,017/024,Promo,,,
opp-ahri-nine-tailed-fox-metal-prize-wall-255-298,"Ahri, Nine-Tailed Fox (Metal) (Prize Wall)",Organized Play Promos,OPP,255/298,Promo,,,
opp-yasuo-unforgiven-metal-prize-wall-259-298,"Yasuo, Unforgiven (Metal) (Prize Wall)",Organized Play Promos,OPP,259/298,Promo,,,
opp-lillia-protector-of-dreams-champion-058-219,"Lillia, Protector of Dreams (Champion)",Organized Play Promos,OPP,058/219,Promo,,,https://tcgplayer-cdn.tcgplayer.com/product/705531_in_200x200.jpg
opp-leblanc-deceiver-metal-prize-wall-199-219,"LeBlanc, Deceiver (Metal) (Prize Wall)",Organized Play Promos,OPP,199/219,Promo,,,
opp-rengar-pridestalker-metal-prize-wall-183-219,"Rengar, Pridestalker (Metal) (Prize Wall)",Organized Play Promos,OPP,183/219,Promo,,,
opp-lee-sin-blind-monk-metal-prize-wall-257-298,"Lee Sin, Blind Monk (Metal) (Prize Wall)",Organized Play Promos,OPP,257/298,Promo,,,
opp-master-yi-wuju-bladesman-metal-best-of-019-024,"Master Yi, Wuju Bladesman (Metal) (Best Of)",Organized Play Promos,OPP,019/024,Promo,,,https://tcgplayer-cdn.tcgplayer.com/product/669266_in_200x200.jpg
opp-kaisa-daughter-of-the-void-metal-best-of-247-298,"Kai'Sa, Daughter of the Void (Metal) (Best Of)",Organized Play Promos,OPP,247/298,Promo,,,https://tcgplayer-cdn.tcgplayer.com/product/669250_in_200x200.jpg
opp-vi-piltover-enforcer-metal-prize-wall-187-219,"Vi, Piltover Enforcer (Metal) (Prize Wall)",Organized Play Promos,OPP,187/219,Promo,,,
opp-sett-the-boss-metal-prize-wall-269-298,"Sett, The Boss (Metal) (Prize Wall)",Organized Play Promos,OPP,269/298,Promo,,,
opp-garen-might-of-demacia-metal-best-of-023-024,"Garen, Might of Demacia (Metal) (Best Of)",Organized Play Promos,OPP,023/024,Promo,,,https://tcgplayer-cdn.tcgplayer.com/product/669268_in_200x200.jpg
opp-sett-the-boss-metal-best-of-269-298,"Sett, The Boss (Metal) (Best Of)",Organized Play Promos,OPP,269/298,Promo,,,https://tcgplayer-cdn.tcgplayer.com/product/669263_in_200x200.jpg
opp-darius-hand-of-noxus-metal-prize-wall-253-298,"Darius, Hand of Noxus (Metal) (Prize Wall)",Organized Play Promos,OPP,253/298,Promo,,,
opp-reksai-void-burrower-metal-prize-wall-187-221,"Rek'sai, Void Burrower (Metal) (Prize Wall)",Organized Play Promos,OPP,187/221,Promo,,,
opp-miss-fortune-bounty-hunter-metal-prize-wall-267-298,"Miss Fortune, Bounty Hunter (Metal) (Prize Wall)",Organized Play Promos,OPP,267/298,Promo,,,
opp-vex-gloomist-metal-prize-wall-193-219,"Vex, Gloomist (Metal) (Prize Wall)",Organized Play Promos,OPP,193/219,Promo,,,
opp-irelia-blade-dancer-metal-best-of-195-221,"Irelia, Blade Dancer (Metal) (Best Of)",Organized Play Promos,OPP,195/221,Promo,,,
opp-yasuo-unforgiven-metal-best-of-259-298,"Yasuo, Unforgiven (Metal) (Best Of)",Organized Play Promos,OPP,259/298,Promo,,,https://tcgplayer-cdn.tcgplayer.com/product/669257_in_200x200.jpg
opp-annie-dark-child-metal-best-of-017-024,"Annie, Dark Child (Metal) (Best Of)",Organized Play Promos,OPP,017/024,Promo,,,https://tcgplayer-cdn.tcgplayer.com/product/669265_in_200x200.jpg
opp-garen-might-of-demacia-metal-prize-wall-023-024,"Garen, Might of Demacia (Metal) (Prize Wall)",Organized Play Promos,OPP,023/024,Promo,,,
opp-jax-grandmaster-at-arms-metal-prize-wall-193-221,"Jax, Grandmaster At Arms (Metal) (Prize Wall)",Organized Play Promos,OPP,193/221,Promo,,,
opp-jinx-loose-cannon-metal-best-of-251-298,"Jinx, Loose Cannon (Metal) (Best Of)",Organized Play Promos,OPP,251/298,Promo,,,https://tcgplayer-cdn.tcgplayer.com/product/669252_in_200x200.jpg
opp-fiora-grand-duelist-metal-prize-wall-205-221,"Fiora, Grand Duelist (Metal) (Prize Wall)",Organized Play Promos,OPP,205/221,Promo,,,
opp-viktor-herald-of-the-arcane-metal-best-of-265-298,"Viktor, Herald of the Arcane (Metal) (Best Of)",Organized Play Promos,OPP,265/298,Promo,,,https://tcgplayer-cdn.tcgplayer.com/product/669260_in_200x200.jpg
opp-lee-sin-blind-monk-metal-best-of-257-298,"Lee Sin, Blind Monk (Metal) (Best Of)",Organized Play Promos,OPP,257/298,Promo,,,https://tcgplayer-cdn.tcgplayer.com/product/669256_in_200x200.jpg
opp-miss-fortune-bounty-hunter-metal-best-of-267-298,"Miss Fortune, Bounty Hunter (Metal) (Best Of)",Organized Play Promos,OPP,267/298,Promo,,,https://tcgplayer-cdn.tcgplayer.com/product/669261_in_200x200.jpg
opp-teemo-swift-scout-metal-best-of-263-298,"Teemo, Swift Scout (Metal) (Best Of)",Organized Play Promos,OPP,263/298,Promo,,,https://tcgplayer-cdn.tcgplayer.com/product/669259_in_200x200.jpg
opp-leona-radiant-dawn-metal-prize-wall-261-298,"Leona, Radiant Dawn (Metal) (Prize Wall)",Organized Play Promos,OPP,261/298,Promo,,,
opp-renata-glasc-chem-baroness-metal-prize-wall-201-221,"Renata Glasc, Chem-Baroness (Metal) (Prize Wall)",Organized Play Promos,OPP,201/221,Promo,,,
opp-khazix-voidreaver-metal-prize-wall-201-219,"Kha'Zix, Voidreaver (Metal) (Prize Wall)",Organized Play Promos,OPP,201/219,Promo,,,
opp-draven-glorious-executioner-metal-prize-wall-185-221,"Draven, Glorious Executioner (Metal) (Prize Wall)",Organized Play Promos,OPP,185/221,Promo,,,
opp-volibear-relentless-storm-metal-prize-wall-249-298,"Volibear, Relentless Storm (Metal) (Prize Wall)",Organized Play Promos,OPP,249/298,Promo,,,
opp-ezreal-prodigal-explorer-metal-prize-wall-199-221,"Ezreal, Prodigal Explorer (Metal) (Prize Wall)",Organized Play Promos,OPP,199/221,Promo,,,
opp-kaisa-daughter-of-the-void-metal-prize-wall-247-298,"Kai'Sa, Daughter of the Void (Metal) (Prize Wall)",Organized Play Promos,OPP,247/298,Promo,,,
opp-darius-hand-of-noxus-metal-best-of-253-298,"Darius, Hand of Noxus (Metal) (Best Of)",Organized Play Promos,OPP,253/298,Promo,,,https://tcgplayer-cdn.tcgplayer.com/product/669253_in_200x200.jpg
opp-fiora-grand-duelist-metal-best-of-205-221,"Fiora, Grand Duelist (Metal) (Best Of)",Organized Play Promos,OPP,205/221,Promo,,,
opp-lux-lady-of-luminosity-metal-best-of-021-024,"Lux, Lady of Luminosity (Metal) (Best Of)",Organized Play Promos,OPP,021/024,Rare,,,https://tcgplayer-cdn.tcgplayer.com/product/669267_in_200x200.jpg
opp-lux-lady-of-luminosity-metal-prize-wall-021-024,"Lux, Lady of Luminosity (Metal) (Prize Wall)",Organized Play Promos,OPP,021/024,Rare,,,
opp-pyke-bloodharbor-ripper-metal-prize-wall-185-219,"Pyke, Bloodharbor Ripper (Metal) (Prize Wall)",Organized Play Promos,OPP,185/219,Promo,,,
opp-jinx-loose-cannon-metal-prize-wall-251-298,"Jinx, Loose Cannon (Metal) (Prize Wall)",Organized Play Promos,OPP,251/298,Promo,,,
opp-teemo-swift-scout-metal-prize-wall-263-298,"Teemo, Swift Scout (Metal) (Prize Wall)",Organized Play Promos,OPP,263/298,Promo,,,
opp-lucian-purifier-metal-best-of-183-221,"Lucian, Purifier (Metal) (Best Of)",Organized Play Promos,OPP,183/221,Promo,,,
opp-reksai-void-burrower-metal-best-of-187-221,"Rek'sai, Void Burrower (Metal) (Best Of)",Organized Play Promos,OPP,187/221,Promo,,,
opp-rumble-mechanized-menace-metal-best-of-181-221,"Rumble, Mechanized Menace (Metal) (Best Of)",Organized Play Promos,OPP,181/221,Promo,,,
opp-renata-glasc-chem-baroness-metal-best-of-201-221,"Renata Glasc, Chem-Baroness (Metal) (Best Of)",Organized Play Promos,OPP,201/221,Promo,,,
opp-jhin-virtuoso-metal-prize-wall-181-219,"Jhin, Virtuoso (Metal) (Prize Wall)",Organized Play Promos,OPP,181/219,Promo,,,
opp-irelia-blade-dancer-metal-prize-wall-195-221,"Irelia, Blade Dancer (Metal) (Prize Wall)",Organized Play Promos,OPP,195/221,Promo,,,
opp-azir-emperor-of-the-sands-metal-best-of-197-221,"Azir, Emperor of the Sands (Metal) (Best Of)",Organized Play Promos,OPP,197/221,Promo,,,
opp-draven-glorious-executioner-metal-best-of-185-221,"Draven, Glorious Executioner (Metal) (Best Of)",Organized Play Promos,OPP,185/221,Promo,,,https://tcgplayer-cdn.tcgplayer.com/product/684755_in_200x200.jpg
opp-ornn-fire-below-the-mountain-metal-best-of-189-221,"Ornn, Fire Below the Mountain (Metal) (Best Of)",Organized Play Promos,OPP,189/221,Promo,,,https://tcgplayer-cdn.tcgplayer.com/product/684992_in_200x200.jpg
opp-ahri-nine-tailed-fox-metal-best-of-255-298,"Ahri, Nine-Tailed Fox (Metal) (Best Of)",Organized Play Promos,OPP,255/298,Promo,,,https://tcgplayer-cdn.tcgplayer.com/product/669254_in_200x200.jpg
opp-lillia-bashful-bloom-metal-prize-wall-189-219,"Lillia, Bashful Bloom (Metal) (Prize Wall)",Organized Play Promos,OPP,189/219,Promo,,,
opp-volibear-relentless-storm-metal-best-of-249-298,"Volibear, Relentless Storm (Metal) (Best Of)",Organized Play Promos,OPP,249/298,Promo,,,https://tcgplayer-cdn.tcgplayer.com/product/669251_in_200x200.jpg
opp-poppy-defender-of-the-meek-178-219,"Poppy, Defender of the Meek",Organized Play Promos,OPP,178/219,Promo,,,
opp-sivir-battle-mistress-metal-best-of-203-221,"Sivir, Battle Mistress (Metal) (Best Of)",Organized Play Promos,OPP,203/221,Promo,,,
opp-poppy-defender-of-the-meek-alternate-art-178a-219,"Poppy, Defender of the Meek (Alternate Art)",Organized Play Promos,OPP,178a/219,Promo,,,https://tcgplayer-cdn.tcgplayer.com/product/709101_in_200x200.jpg
opp-poppy-keeper-of-the-hammer-metal-prize-wall-203-219,"Poppy, Keeper of the Hammer (Metal) (Prize Wall)",Organized Play Promos,OPP,203/219,Promo,,,
opp-master-yi-wuju-master-metal-prize-wall-191-219,"Master Yi, Wuju Master (Metal) (Prize Wall)",Organized Play Promos,OPP,191/219,Promo,,,
opp-ezreal-prodigal-explorer-metal-best-of-199-221,"Ezreal, Prodigal Explorer (Metal) (Best Of)",Organized Play Promos,OPP,199/221,Promo,,,
opp-jax-grandmaster-at-arms-metal-best-of-193-221,"Jax, Grandmaster At Arms (Metal) (Best Of)",Organized Play Promos,OPP,193/221,Promo,,,
opp-ornn-fire-below-the-mountain-metal-prize-wall-189-221,"Ornn, Fire Below the Mountain (Metal) (Prize Wall)",Organized Play Promos,OPP,189/221,Promo,,,
opp-ivern-green-father-metal-prize-wall-195-219,"Ivern, Green Father (Metal) (Prize Wall)",Organized Play Promos,OPP,195/219,Promo,,,
pr-teemo-scout-197-298,"Teemo, Scout",Promotional Cards,PR,197/298,Promo,,,https://tcgplayer-cdn.tcgplayer.com/product/659766_in_200x200.jpg
pr-riven-shattered-041a-166,"Riven, Shattered",Promotional Cards,PR,041a/166,Promo,,,https://tcgplayer-cdn.tcgplayer.com/product/710699_in_200x200.jpg
pr-heimerdinger-inventor-111a-298,"Heimerdinger, Inventor",Promotional Cards,PR,111a/298,Promo,,,https://tcgplayer-cdn.tcgplayer.com/product/678051_in_200x200.jpg
pr-bandle-tree-278a-298,Bandle Tree,Promotional Cards,PR,278a/298,Promo,,,https://tcgplayer-cdn.tcgplayer.com/product/672073_in_200x200.jpg
pr-ahri-alluring-launch-exclusive-066-298,"Ahri, Alluring (Launch Exclusive)",Promotional Cards,PR,066/298,Promo,,,https://tcgplayer-cdn.tcgplayer.com/product/659765_in_200x200.jpg
pr-caitlyn-patrolling-068a-298,"Caitlyn, Patrolling",Promotional Cards,PR,068a/298,Promo,,,https://tcgplayer-cdn.tcgplayer.com/product/678050_in_200x200.jpg
pr-vi-destructive-036a-298,"Vi, Destructive",Promotional Cards,PR,036a/298,Promo,,,https://tcgplayer-cdn.tcgplayer.com/product/678053_in_200x200.jpg
pr-the-grand-plaza-293a-298,The Grand Plaza,Promotional Cards,PR,293a/298,Promo,,,https://tcgplayer-cdn.tcgplayer.com/product/672083_in_200x200.jpg
pr-aspirants-climb-276a-298,Aspirant's Climb,Promotional Cards,PR,276a/298,Promo,,,https://tcgplayer-cdn.tcgplayer.com/product/672088_in_200x200.jpg
pr-teemo-swift-scout-alternate-art-263a-298,"Teemo, Swift Scout (Alternate Art)",Promotional Cards,PR,263a/298,Promo,,,https://tcgplayer-cdn.tcgplayer.com/product/670598_in_200x200.jpg
pr-warwick-hunter-159a-298,"Warwick, Hunter",Promotional Cards,PR,159a/298,Promo,,,https://tcgplayer-cdn.tcgplayer.com/product/678049_in_200x200.jpg
pr-jinx-rebel-202-298,"Jinx, Rebel",Promotional Cards,PR,202/298,Promo,,,https://tcgplayer-cdn.tcgplayer.com/product/678052_in_200x200.jpg
pr-viktor-leader-246b-298,"Viktor, Leader",Promotional Cards,PR,246b/298,Promo,,,https://tcgplayer-cdn.tcgplayer.com/product/678054_in_200x200.jpg
pr-seraphine-not-alone-t1-worlds-champion-signature-edition-bundle-t1s-005-005,"Seraphine, Not Alone (T1 Worlds Champion Signature Edition Bundle)",Promotional Cards,PR,T1S 005/005,Showcase,,,https://tcgplayer-cdn.tcgplayer.com/product/716035_in_200x200.jpg
pr-ambessa-the-wolf-t1-worlds-champion-signature-edition-bundle-t1s-001-005,"Ambessa, The Wolf (T1 Worlds Champion Signature Edition Bundle)",Promotional Cards,PR,T1S 001/005,Showcase,,,https://tcgplayer-cdn.tcgplayer.com/product/716012_in_200x200.jpg
pr-galio-indefatigable-t1-worlds-champion-signature-edition-bundle-t1s-003-005,"Galio, Indefatigable (T1 Worlds Champion Signature Edition Bundle)",Promotional Cards,PR,T1S 003/005,Showcase,,,https://tcgplayer-cdn.tcgplayer.com/product/716021_in_200x200.jpg
pr-miss-fortune-buccaneer-t1-worlds-champion-signature-edition-bundle-t1s-004-005,"Miss Fortune, Buccaneer (T1 Worlds Champion Signature Edition Bundle)",Promotional Cards,PR,T1S 004/005,Showcase,,,https://tcgplayer-cdn.tcgplayer.com/product/716026_in_200x200.jpg
pr-galio-indefatigable-t1-worlds-champion-player-bundle-t1a-003-005,"Galio, Indefatigable (T1 Worlds Champion Player Bundle)",Promotional Cards,PR,T1A 003/005,Showcase,,,https://tcgplayer-cdn.tcgplayer.com/product/716020_in_200x200.jpg
pr-seraphine-not-alone-t1-worlds-champion-player-bundle-t1a-005-005,"Seraphine, Not Alone (T1 Worlds Champion Player Bundle)",Promotional Cards,PR,T1A 005/005,Showcase,,,https://tcgplayer-cdn.tcgplayer.com/product/716034_in_200x200.jpg
pr-galio-indefatigable-t1-worlds-champion-signature-edition-bundle-serial-numbered,"Galio, Indefatigable (T1 Worlds Champion Signature Edition Bundle) (Serial Numbered)",Promotional Cards,PR,,,,,
pr-xin-zhao-vigilant-t1-worlds-champion-signature-edition-bundle-t1s-002-005,"Xin Zhao, Vigilant (T1 Worlds Champion Signature Edition Bundle)",Promotional Cards,PR,T1S 002/005,Showcase,,,https://tcgplayer-cdn.tcgplayer.com/product/716016_in_200x200.jpg
pr-xin-zhao-vigilant-t1-worlds-champion-player-bundle-t1a-002-005,"Xin Zhao, Vigilant (T1 Worlds Champion Player Bundle)",Promotional Cards,PR,T1A 002/005,Showcase,,,https://tcgplayer-cdn.tcgplayer.com/product/716015_in_200x200.jpg
pr-seraphine-not-alone-t1-worlds-champion-signature-edition-bundle-serial-numbered-t1s-005-005,"Seraphine, Not Alone (T1 Worlds Champion Signature Edition Bundle) (Serial Numbered)",Promotional Cards,PR,T1S 005/005,Showcase,,,
pr-xin-zhao-vigilant-t1-worlds-champion-signature-edition-bundle-serial-numbered-t1s-002-005,"Xin Zhao, Vigilant (T1 Worlds Champion Signature Edition Bundle) (Serial Numbered)",Promotional Cards,PR,T1S 002/005,Showcase,,,
pr-miss-fortune-buccaneer-t1-worlds-champion-signature-edition-bundle-serial-numbered-t1s-004-005,"Miss Fortune, Buccaneer (T1 Worlds Champion Signature Edition Bundle) (Serial Numbered)",Promotional Cards,PR,T1S 004/005,Showcase,,,
pr-ambessa-the-wolf-t1-worlds-champion-signature-edition-bundle-serial-numbered-t1s-001-005,"Ambessa, The Wolf (T1 Worlds Champion Signature Edition Bundle) (Serial Numbered)",Promotional Cards,PR,T1S 001/005,Showcase,,,
pr-ambessa-the-wolf-t1-worlds-champion-player-bundle-t1a-001-005,"Ambessa, The Wolf (T1 Worlds Champion Player Bundle)",Promotional Cards,PR,T1A 001/005,Showcase,,,https://tcgplayer-cdn.tcgplayer.com/product/716010_in_200x200.jpg
pr-miss-fortune-buccaneer-t1-worlds-champion-player-bundle-t1a-004-005,"Miss Fortune, Buccaneer (T1 Worlds Champion Player Bundle)",Promotional Cards,PR,T1A 004/005,Showcase,,,https://tcgplayer-cdn.tcgplayer.com/product/716024_in_200x200.jpg
jdg-blue-sentinel-087-219,Blue Sentinel,Judge Promos,JDG,087/219,Promo,,,https://tcgplayer-cdn.tcgplayer.com/product/702632_in_200x200.jpg
jdg-heimerdinger-inventor-111-298,"Heimerdinger, Inventor",Judge Promos,JDG,111/298,Promo,,,
jdg-svellsongur-059-221,Svellsongur,Judge Promos,JDG,059/221,Promo,,,https://tcgplayer-cdn.tcgplayer.com/product/692372_in_200x200.jpg
